words,count
you,1878
to,1828
your,1420
and,934
that,747
is,560
for,537
on,428
are,424
if,411
s,391
business,383
can,376
be,369
as,343
have,321
with,315
t,301
this,280
or,278
time,255
but,242
they,234
will,231
what,229
at,220
my,215
re,214
do,207
not,203
about,202
more,200
product,182
up,177
need,174
from,166
them,166
how,163
there,162
out,161
new,153
people,145
work,144
so,143
just,142
own,140
all,137
don,133
customers,123
get,123
their,122
want,122
company,122
some,121
ll,114
self,111
website,109
make,108
may,107
even,104
when,102
one,100
ve,95
than,92
also,91
job,90
much,90
who,88
money,86
was,85
these,82
find,81
sales,80
into,79
only,79
yourself,78
other,78
like,78
probably,76
no,76
ads,75
employment,75
day,73
good,72
many,71
ad,70
before,70
most,70
might,70
should,69
those,68
products,67
market,66
well,66
still,65
sure,65
plan,64
google,63
any,62
someone,62
over,62
software,60
idea,60
enough,59
once,59
then,59
use,58
important,58
very,58
think,58
working,58
through,57
search,56
something,56
take,55
going,55
lot,55
way,55
cost,53
where,53
know,52
doing,51
first,51
online,50
help,50
end,49
year,49
better,49
now,48
see,48
personal,48
long,47
hard,47
businesses,47
small,47
try,47
could,46
create,45
go,45
pay,45
revenue,44
employer,44
lifestyle,44
advice,44
best,44
start,44
press,43
such,43
spend,43
while,43
we,43
page,42
marketing,42
really,42
keep,42
big,42
advertising,41
customer,41
freedom,41
number,41
few,40
without,40
has,40
growth,39
local,39
worth,39
were,39
won,39
book,39
years,38
site,38
things,38
expenses,38
potential,38
employed,38
instead,37
others,37
point,37
which,37
however,36
its,36
social,36
would,36
specific,35
free,35
health,35
hours,35
understand,35
web,35
back,34
per,34
me,34
traffic,33
selling,33
else,33
building,33
after,33
email,33
part,33
actually,32
order,32
talk,32
every,32
easy,32
let,32
release,32
being,32
companies,31
life,31
sell,31
real,31
getting,31
least,31
career,31
websites,31
give,31
account,30
m,30
adwords,30
having,30
does,30
possible,30
come,30
side,30
large,30
means,30
office,29
must,29
had,29
same,29
thing,29
offer,29
here,29
tax,29
little,29
because,28
too,28
___,28
done,28
look,28
relevant,27
successful,27
full,27
similar,27
isn,27
initial,27
never,27
ideas,27
run,27
home,27
measure,27
living,27
often,26
set,26
family,26
perhaps,26
whatever,26
consider,26
internet,26
effort,26
case,26
another,26
likely,26
trying,25
using,25
live,25
week,25
been,25
results,25
why,25
information,25
less,25
making,25
launch,24
success,24
sundog,24
result,24
needs,24
provide,24
data,24
income,24
care,24
build,24
world,24
insurance,24
000,24
right,24
got,23
us,23
say,23
campaigns,23
already,23
remember,23
off,23
metrics,23
anything,23
feel,23
paid,23
months,23
10,23
extra,22
name,22
later,22
focus,22
able,22
problem,22
list,22
paying,22
found,22
learn,22
grow,21
whether,21
down,21
spent,21
action,21
campaign,21
different,21
developing,21
quit,21
click,21
costs,21
available,21
place,21
niche,20
example,20
terms,20
dollars,20
usually,20
ask,20
contractors,20
sort,20
attention,20
benefits,20
aren,20
hire,20
around,20
services,20
ones,20
term,20
facebook,20
taking,19
industry,19
always,19
show,19
com,19
based,19
ways,19
investment,19
landing,19
person,19
physical,19
great,19
cash,19
decide,19
path,19
again,19
goal,19
accountant,19
doesn,19
current,19
hour,19
away,19
development,19
nobody,19
maybe,19
used,18
within,18
month,18
display,18
each,18
d,18
media,18
developers,18
change,18
value,18
sites,18
started,18
pretty,18
risk,18
spending,17
financial,17
two,17
hiring,17
efforts,17
lawyer,17
corporate,17
content,17
wrong,17
finding,17
coming,17
skills,17
amount,17
profit,17
existing,17
mind,17
owner,17
worked,16
did,16
generate,16
giving,16
area,16
releases,16
earn,16
contact,16
next,16
investing,16
networks,16
analytics,16
until,16
state,16
professional,16
creating,16
planning,16
believe,16
themselves,16
offering,16
offers,16
50,16
entirely,15
buy,15
low,15
freelance,15
reach,15
future,15
yours,15
problems,15
check,15
nothing,15
far,15
quickly,15
entire,15
writing,15
return,15
happy,15
didn,15
seo,15
ability,15
keywords,15
optimization,15
management,14
fact,14
stuff,14
required,14
news,14
face,14
become,14
tell,14
read,14
outside,14
estimate,14
both,14
realize,14
figure,14
targeted,14
automatically,14
commute,14
either,14
pages,14
effective,14
require,14
trends,14
address,14
happen,13
toward,13
3,13
put,13
owners,13
coverage,13
5,13
myself,13
direct,13
personally,13
itself,13
days,13
purchase,13
ensure,13
longer,13
tied,13
interest,13
bad,13
enjoy,13
support,13
avoid,13
net,13
looking,13
send,13
questions,13
price,13
made,13
1,13
yet,13
lower,13
matter,13
unless,13
game,13
engine,13
huge,13
ongoing,13
sense,12
basics,12
scale,12
freelancers,12
everything,12
growing,12
community,12
opportunity,12
automated,12
stress,12
needed,12
links,12
comes,12
link,12
network,12
target,12
valuable,12
move,12
cover,12
realistic,12
makes,12
licenses,12
resources,12
advantage,12
budget,12
against,12
experience,12
equipment,12
emails,12
chance,12
limited,12
am,12
channels,12
decision,12
almost,12
include,11
countries,11
basically,11
highly,11
act,11
publications,11
situation,11
startup,11
visitors,11
research,11
technology,11
learned,11
invest,11
average,11
cpa,11
today,11
close,11
contractor,11
during,11
bills,11
between,11
expect,11
accounting,11
front,11
section,11
willing,11
linkedin,11
frank,11
digital,11
launching,11
high,11
goals,11
technical,11
searching,11
rewards,11
9,11
statistics,11
call,11
service,11
patent,11
responsibilities,11
running,11
larger,11
bound,11
early,11
paycheck,11
came,11
recommend,11
interested,11
ocean,11
reality,11
test,11
seem,11
directly,11
size,11
pr,10
starting,10
hopefully,10
process,10
lose,10
investors,10
popular,10
along,10
level,10
monthly,10
promotion,10
friends,10
beware,10
maintain,10
purposes,10
according,10
100,10
depending,10
given,10
takes,10
ended,10
course,10
domain,10
expensive,10
talking,10
names,10
employees,10
kane,10
necessary,10
plans,10
odds,10
traditional,10
receive,10
quitting,10
expense,10
exchange,10
known,10
deliver,10
training,10
banner,10
jobs,10
blog,10
question,10
percentage,10
employee,10
performance,10
short,10
unique,10
thinking,10
although,10
mailing,10
since,10
last,10
individual,10
ever,10
anyhow,10
stop,10
related,10
achieve,9
affect,9
stock,9
loan,9
college,9
demand,9
reading,9
stream,9
involved,9
option,9
goods,9
twitter,9
viable,9
phone,9
amazon,9
boss,9
deal,9
apply,9
system,9
ceo,9
hear,9
bit,9
accept,9
mobile,9
rate,9
minimum,9
manager,9
relationship,9
created,9
answer,9
http,9
easier,9
times,9
following,9
purchasing,9
sometimes,9
measuring,9
across,9
simply,9
said,9
clients,9
cannot,9
happens,9
position,9
meet,9
savings,9
house,9
increase,9
4,9
creative,9
alone,9
text,9
government,9
fraud,9
maximize,9
ultimately,9
quality,9
share,9
tech,9
he,9
called,9
leave,8
anyone,8
2012,8
tend,8
rich,8
understanding,8
venture,8
form,8
2014,8
lean,8
add,8
security,8
under,8
develop,8
evaluate,8
top,8
soon,8
checking,8
feedback,8
left,8
visit,8
old,8
useful,8
notice,8
triton,8
user,8
taxes,8
gets,8
city,8
lpo,8
beyond,8
editors,8
took,8
write,8
mission,8
higher,8
three,8
several,8
computer,8
matters,8
common,8
tasks,8
worry,8
haven,8
easily,8
identify,8
car,8
credit,8
stage,8
message,8
opportunities,8
bank,8
www,8
agreement,8
successfully,8
reserves,8
valley,7
groups,7
marketplace,7
earlier,7
safety,7
certain,7
8,7
stay,7
lots,7
mention,7
fund,7
description,7
difficult,7
upper,7
protection,7
orlando,7
energy,7
freelancer,7
spouse,7
setting,7
wants,7
zero,7
workers,7
reason,7
meetings,7
general,7
leaving,7
images,7
ok,7
describe,7
turn,7
completely,7
games,7
salesperson,7
strategy,7
sdk,7
carefully,7
track,7
everyone,7
designed,7
view,7
leads,7
books,7
appear,7
additional,7
wordpress,7
save,7
kids,7
video,7
further,7
period,7
follow,7
taken,7
single,7
trade,7
interests,7
presence,7
defense,7
upon,7
someplace,7
generally,7
dedicate,7
mistake,7
requires,7
location,7
continue,7
crucial,7
standpoint,7
heard,7
thousands,7
ownership,7
dental,7
bet,7
flow,7
engines,7
addresses,7
half,7
open,7
maintaining,7
bunch,7
productive,6
globally,6
scary,6
wall,6
ahead,6
markets,6
sorts,6
somehow,6
considered,6
liability,6
partner,6
solve,6
stick,6
saved,6
choice,6
allow,6
lost,6
silicon,6
founder,6
main,6
advertise,6
kind,6
properly,6
determine,6
careful,6
told,6
tv,6
effectiveness,6
mine,6
handle,6
story,6
messages,6
entrepreneurs,6
commuting,6
forms,6
met,6
sending,6
package,6
keeping,6
remarketing,6
control,6
past,6
certainly,6
depend,6
associated,6
resulting,6
knew,6
basic,6
deductible,6
manner,6
etc,6
items,6
unlimited,6
became,6
connections,6
choose,6
rest,6
mean,6
flight,6
due,6
sale,6
finally,6
country,6
hosting,6
million,6
separate,6
talked,6
works,6
booth,6
providing,6
contract,6
initially,6
vision,6
fail,6
sound,6
reasonable,6
url,6
goes,6
automate,6
benefit,6
forced,6
exist,6
llc,6
key,6
concept,6
users,6
designer,6
comfortable,6
board,6
seeking,6
especially,6
base,6
structure,6
rarely,6
comments,6
line,6
rent,6
largely,6
reward,6
rely,6
techniques,6
shares,6
fire,6
experienced,6
assume,6
collect,6
dependencies,6
sole,6
distribution,6
qualities,6
stake,6
hope,5
travel,5
positive,5
received,5
conversation,5
evaluation,5
7,5
farm,5
space,5
lack,5
dealing,5
exclusively,5
lunch,5
surprised,5
regardless,5
developer,5
debt,5
wouldn,5
trolls,5
forums,5
above,5
hand,5
mass,5
non,5
honestly,5
competing,5
placement,5
indoctrination,5
expectations,5
referrer,5
wasn,5
launched,5
remain,5
respond,5
endeavor,5
clouds,5
visited,5
statement,5
rank,5
conversions,5
turning,5
buying,5
lists,5
program,5
appropriate,5
300,5
attainable,5
human,5
task,5
ideally,5
group,5
saying,5
united,5
sells,5
quite,5
letter,5
model,5
agreements,5
risky,5
relies,5
sustain,5
prototype,5
locally,5
hundreds,5
points,5
fast,5
focused,5
lucky,5
whenever,5
waste,5
numbers,5
focusing,5
honest,5
somewhere,5
bigger,5
project,5
articles,5
prepared,5
vary,5
profits,5
decisions,5
6,5
otherwise,5
bottom,5
simulators,5
negative,5
salespeople,5
creatively,5
allows,5
global,5
publication,5
knows,5
capital,5
raise,5
areas,5
remind,5
starts,5
actions,5
avoiding,5
seems,5
lets,5
mail,5
grows,5
hundred,5
whole,5
our,5
thought,5
states,5
second,5
publish,5
florida,5
compete,5
outsource,5
devices,5
ten,5
competition,5
minimal,5
age,5
item,5
placements,5
word,5
discussed,5
fill,5
details,5
earning,5
backup,5
meetup,5
schedule,5
ends,5
oculus,5
storefront,5
tracking,5
review,5
economic,5
simulation,5
fees,5
county,5
20,5
gives,5
misleading,5
fixed,5
sounds,5
coffee,5
impressions,5
including,5
significant,5
yes,5
features,5
sign,5
step,5
english,5
spare,5
telling,5
sleep,5
communication,5
owned,5
topic,5
interesting,5
cater,5
paragraph,5
discover,5
tools,5
seek,5
went,5
total,5
post,5
five,5
near,5
cases,5
written,5
meaning,5
worse,5
his,5
image,5
optimizing,5
minimize,5
worthwhile,5
obtain,5
2,5
relatively,5
factor,5
headline,5
incubator,5
importance,5
recommended,5
various,5
involving,4
parts,4
demos,4
drives,4
among,4
subject,4
flowchart,4
rift,4
worthless,4
present,4
solving,4
purpose,4
quiz,4
requirements,4
becoming,4
contracts,4
involve,4
trial,4
financially,4
showing,4
faced,4
accomplish,4
extremely,4
unlikely,4
conversion,4
quickbooks,4
collecting,4
format,4
access,4
leading,4
widely,4
couple,4
steady,4
gain,4
eat,4
report,4
maintenance,4
producing,4
individuals,4
wide,4
title,4
favor,4
becomes,4
remotely,4
rather,4
saw,4
searched,4
bring,4
motivated,4
love,4
shown,4
majority,4
gov,4
response,4
impact,4
salary,4
speak,4
study,4
options,4
american,4
count,4
gamble,4
handled,4
reliable,4
views,4
continues,4
keeps,4
pool,4
plus,4
efficient,4
keyword,4
prospects,4
calls,4
throw,4
team,4
fired,4
article,4
source,4
competitors,4
trick,4
felt,4
specifications,4
spam,4
active,4
gotten,4
clicking,4
co,4
aware,4
contrast,4
excited,4
detailed,4
specializes,4
relations,4
managed,4
craft,4
trust,4
competitive,4
manufacturing,4
produce,4
2011,4
survive,4
minutes,4
flexibility,4
pocket,4
depth,4
public,4
developed,4
40,4
searches,4
break,4
difference,4
sky,4
morning,4
forward,4
startups,4
built,4
courses,4
quarter,4
actual,4
leap,4
third,4
anywhere,4
discipline,4
tool,4
posts,4
strong,4
together,4
moving,4
carrot,4
challenging,4
followed,4
adventure,4
cold,4
acquired,4
worldwide,4
signed,4
clear,4
degree,4
decent,4
identifying,4
labor,4
places,4
helps,4
channel,4
belongings,4
hang,4
provided,4
driving,4
exciting,4
bill,4
fake,4
industries,4
sold,4
experiences,4
arrange,4
engineer,4
final,4
creation,4
engineers,4
trouble,4
weird,4
update,4
systems,4
infringing,4
wisely,4
notes,4
significantly,4
issue,4
readers,4
optimize,4
discussions,4
ago,4
mailchimp,4
basis,4
convert,4
lead,4
projects,4
style,4
definition,4
putting,4
visits,4
retirement,4
2015,4
familiar,4
mentioned,4
changes,4
armed,4
gaming,4
protect,4
platform,4
alongside,4
letting,4
mental,4
oceans,4
china,4
forces,4
pick,4
evaluating,4
afford,4
premiums,4
fit,4
busy,4
modern,4
drop,4
push,4
rules,4
simple,4
retain,4
designing,4
license,4
replace,4
execute,4
responsible,4
authority,4
design,4
closing,4
supposed,4
unemployment,4
independently,4
expected,4
effect,4
narrow,4
assessment,4
dedicated,4
surge,4
tells,4
guess,4
objective,4
pays,4
showed,4
offered,4
compare,4
harder,3
interaction,3
art,3
waters,3
drain,3
expertise,3
watch,3
ready,3
throughout,3
hit,3
11,3
university,3
burn,3
clicks,3
profitable,3
field,3
losing,3
prices,3
constant,3
rights,3
generates,3
seen,3
asking,3
code,3
copyright,3
touch,3
dig,3
legal,3
clarity,3
viewed,3
corporation,3
power,3
commission,3
portion,3
alternatives,3
shop,3
bedroom,3
exactly,3
surrounding,3
augment,3
22,3
likes,3
ego,3
parents,3
exact,3
afraid,3
prescriptions,3
adding,3
ties,3
eric,3
economy,3
workplace,3
limit,3
commercial,3
patents,3
reputation,3
obtaining,3
sake,3
extend,3
beauty,3
allowing,3
billion,3
interview,3
failed,3
ideal,3
below,3
safe,3
proposition,3
michal,3
range,3
compared,3
freelancing,3
eliminate,3
headset,3
administration,3
ring,3
sustainable,3
yield,3
prospective,3
smaller,3
professionally,3
former,3
reaching,3
contracting,3
includes,3
tempting,3
addition,3
measurement,3
downloading,3
cause,3
radio,3
tablet,3
minimizing,3
happened,3
cities,3
27,3
represent,3
detail,3
central,3
responsibility,3
inside,3
eye,3
complicated,3
paper,3
cheap,3
outsourcing,3
shouldn,3
46,3
careers,3
dummies,3
hate,3
resource,3
school,3
importantly,3
paperwork,3
inexpensive,3
noise,3
ensuring,3
learning,3
confused,3
ensured,3
evolve,3
updates,3
equity,3
wherever,3
replicated,3
night,3
bureau,3
military,3
permits,3
announcements,3
trigger,3
download,3
estimates,3
broad,3
90,3
moz,3
council,3
solves,3
crm,3
monitor,3
capture,3
proper,3
underserved,3
confident,3
testing,3
seattle,3
catch,3
encounter,3
steps,3
shared,3
irs,3
publicity,3
app,3
approach,3
participate,3
analysis,3
charge,3
responsibly,3
depends,3
potentially,3
primarily,3
soft,3
student,3
double,3
worst,3
failure,3
drive,3
earns,3
vesting,3
distracting,3
planet,3
note,3
brings,3
expectation,3
temptation,3
fairly,3
annual,3
wasted,3
fear,3
senior,3
incubation,3
promising,3
conventional,3
generated,3
responsive,3
replicate,3
virtual,3
language,3
necessarily,3
included,3
sent,3
lived,3
aspects,3
referrals,3
titles,3
effectively,3
inadvertently,3
levels,3
improve,3
c,3
trademarks,3
missing,3
encourage,3
type,3
millions,3
metric,3
livelihood,3
announcement,3
peers,3
obvious,3
platforms,3
covers,3
earnings,3
property,3
simulator,3
tips,3
statements,3
client,3
kinds,3
intellectual,3
guilty,3
proposed,3
genuinely,3
barriers,3
surprisingly,3
peoples,3
talents,3
risks,3
resignation,3
wary,3
eventually,3
leverage,3
moment,3
tread,3
walk,3
agilesrc,3
farms,3
sessions,3
restricted,3
informed,3
accompanied,3
aaron,3
timely,3
streams,3
penetration,3
possibility,3
feed,3
taught,3
mortgage,3
literally,3
connect,3
extensions,3
entrepreneurship,3
quick,3
accident,3
planned,3
connection,3
regular,3
purchased,3
install,3
funding,3
bargain,3
publicly,3
unlike,3
targets,3
currently,3
agree,3
amounts,3
polish,3
grabbing,3
achieved,3
perform,3
strongly,3
accordingly,3
checklist,3
standard,3
offset,3
listen,3
smart,3
62,3
funded,3
employers,3
effects,3
introducing,3
transition,3
daily,3
referred,3
clicked,3
ageism,3
advertiser,3
knowledgeable,3
plugin,3
button,3
offerings,3
lasted,3
sizes,3
2010,3
truly,3
targeting,3
weekend,3
shows,3
true,3
encouraging,3
trained,3
hourly,3
behind,3
accepted,3
amazed,3
merit,3
worthy,3
acquisition,3
abilities,3
amass,3
decrease,3
manage,3
version,3
stories,3
math,3
aspect,3
minute,3
twofold,3
stressful,3
succeeds,3
empty,3
resist,3
pre,3
barrier,2
connected,2
medicare,2
likelihood,2
transaction,2
filing,2
staff,2
television,2
cleanings,2
explain,2
rankings,2
disclaimer,2
prevent,2
incur,2
slow,2
circumstances,2
periodic,2
worried,2
raised,2
crazy,2
instagram,2
experts,2
hal,2
uncle,2
complex,2
discount,2
fancy,2
billable,2
videos,2
x,2
aerospace,2
meets,2
iraq,2
101,2
helping,2
3d,2
serves,2
disappears,2
speaking,2
him,2
throwing,2
orange,2
adsense,2
magazine,2
29,2
scales,2
apps,2
variation,2
copy,2
bonuses,2
daughters,2
luck,2
intentionally,2
tying,2
slice,2
exceeds,2
bootstrap,2
programs,2
toot,2
sharing,2
rare,2
embargoed,2
smartphone,2
gloating,2
particular,2
consistently,2
alternative,2
previous,2
wife,2
covered,2
revisit,2
magazines,2
aids,2
keen,2
explicit,2
integrated,2
attract,2
whoever,2
sitting,2
handling,2
belong,2
loans,2
wasting,2
figuring,2
domains,2
variable,2
managing,2
trend,2
sources,2
seemed,2
meaningless,2
projections,2
rafi,2
specialize,2
computers,2
necessity,2
forget,2
2013,2
fine,2
tried,2
totally,2
visual,2
ridiculously,2
mouth,2
presented,2
education,2
ignore,2
auto,2
park,2
recently,2
guilt,2
biggest,2
apart,2
bookkeeping,2
configure,2
pushed,2
incubators,2
construct,2
stand,2
profiles,2
balance,2
table,2
theme,2
improving,2
transitioning,2
reserved,2
sufficient,2
friend,2
distributing,2
99,2
copyrights,2
provider,2
udemy,2
strategist,2
filter,2
guide,2
body,2
matching,2
unnecessary,2
factored,2
recent,2
disturbing,2
ticket,2
plugins,2
offline,2
sum,2
costing,2
fix,2
mitigation,2
lens,2
advisors,2
mohammed,2
library,2
navigation,2
sexism,2
unnecessarily,2
contains,2
horn,2
webmaster,2
bus,2
ultimate,2
reputable,2
major,2
anymore,2
riches,2
congregate,2
w2,2
remnant,2
visitor,2
bear,2
ii,2
food,2
director,2
ferriss,2
modify,2
harm,2
subscriber,2
nudge,2
forbes,2
pulling,2
author,2
flowing,2
shipping,2
dropping,2
preface,2
grants,2
exams,2
automatic,2
practices,2
leveraging,2
treat,2
fee,2
database,2
influence,2
iii,2
minds,2
typos,2
75,2
housing,2
light,2
integration,2
events,2
pressure,2
comfortably,2
solutions,2
patented,2
tablets,2
sophisticated,2
endeavors,2
gather,2
headers,2
policies,2
kept,2
reached,2
reuters,2
lay,2
head,2
optimized,2
accountants,2
copies,2
region,2
embark,2
instructional,2
mess,2
silverlining,2
split,2
partners,2
federal,2
chaos,2
gathering,2
seconds,2
bar,2
weren,2
staying,2
occasional,2
cheaper,2
seamlessly,2
screen,2
decline,2
pm,2
physically,2
projected,2
survivor,2
closer,2
depicting,2
licensing,2
disciplines,2
versions,2
etsy,2
overestimate,2
immediately,2
serve,2
orders,2
hostage,2
caution,2
dollar,2
richer,2
beneficiary,2
employs,2
definitely,2
followers,2
consumer,2
issues,2
payoff,2
horror,2
nature,2
wait,2
white,2
overcoming,2
contracted,2
original,2
deductions,2
fresh,2
despite,2
inertia,2
laws,2
wave,2
produced,2
increasingly,2
competitor,2
mentally,2
suffer,2
essentially,2
desk,2
deeper,2
advertisements,2
responses,2
representatives,2
indicate,2
helplessness,2
doubled,2
meeting,2
stages,2
manufacture,2
glasses,2
blanket,2
executive,2
41,2
politics,2
creates,2
variants,2
somebody,2
55,2
originating,2
tags,2
choices,2
skies,2
refer,2
lightly,2
party,2
shark,2
ranking,2
geared,2
arm,2
waking,2
perceived,2
room,2
moonlighting,2
challenge,2
science,2
separately,2
spends,2
wish,2
reports,2
bid,2
organic,2
clearly,2
filling,2
leaves,2
frequent,2
emergency,2
xxx,2
payments,2
announcing,2
cobra,2
dpi,2
proxy,2
match,2
predators,2
bother,2
motivates,2
posting,2
inequities,2
teach,2
established,2
invoices,2
poor,2
escape,2
private,2
relying,2
zone,2
women,2
budgets,2
grown,2
exit,2
hobby,2
announce,2
ban,2
series,2
enter,2
feelings,2
wisdom,2
devoting,2
activity,2
shake,2
concentrated,2
bootstrapping,2
mvp,2
demographic,2
relax,2
box,2
except,2
cards,2
founders,2
lawyers,2
geographically,2
trademark,2
editor,2
relevance,2
puts,2
win,2
choosing,2
analyze,2
teams,2
validates,2
spread,2
penny,2
precise,2
approve,2
political,2
young,2
malicious,2
hyperbole,2
skill,2
hugely,2
accustomed,2
eliminating,2
temporarily,2
algorithms,2
integrate,2
thank,2
explore,2
temporary,2
shell,2
adjust,2
fallacy,2
reliably,2
hawaii,2
behalf,2
vast,2
provision,2
situations,2
earned,2
defined,2
impossible,2
stands,2
scroll,2
knowledge,2
arms,2
proved,2
die,2
supportive,2
guarantee,2
powerlessness,2
refine,2
complexity,2
refinement,2
artificial,2
resulted,2
menu,2
picture,2
newspapers,2
decided,2
hands,2
imdb,2
behavior,2
changing,2
pressed,2
dependent,2
coursera,2
feature,2
commitment,2
gone,2
loyalty,2
deals,2
bust,2
subscription,2
tailor,2
moved,2
hanging,2
interpreting,2
increased,2
reasons,2
healthcare,2
capitalists,2
clean,2
attendees,2
acknowledgments,2
finish,2
exposure,2
extreme,2
contribute,2
ebay,2
accounts,2
feels,2
automating,2
store,2
technologies,2
breaking,2
california,2
limiting,2
card,2
leeches,2
bonus,2
involves,2
guest,2
easiest,2
gap,2
prior,2
vacation,2
estimating,2
secrets,2
estimated,2
appeal,2
underneath,2
tab,2
precious,2
convention,2
educated,2
consultation,2
wrap,2
prescription,2
therefore,2
examples,2
experiment,2
outlay,2
join,2
enthusiasts,2
demo,2
duty,2
construction,2
picked,2
intimidating,2
spammer,2
polluted,2
amateur,2
statistic,2
slices,2
networking,2
accomplishing,2
pitfalls,2
waiting,2
windfall,2
carry,2
describing,2
discovered,2
mostly,2
pile,2
maximizing,2
commonly,2
thankful,2
doctors,2
awarded,2
seas,2
crash,2
score,2
refining,2
incredibly,2
naming,2
trapped,2
direction,2
prefer,2
hardly,2
engineering,2
consuming,2
cut,2
behave,2
submission,2
establish,2
awareness,2
meanwhile,2
bankers,2
taxable,2
envelope,2
cache,2
organization,2
striking,2
prove,2
clarify,2
insert,2
workforce,2
funds,2
realistically,2
gospel,2
compounding,2
served,2
experimenting,2
prey,2
devote,2
indefinitely,2
determining,2
schedules,2
leaning,2
application,2
adapt,2
worker,2
premium,2
independent,2
removes,2
universal,2
acquire,2
spreadsheet,2
lately,2
typed,2
considering,2
play,2
looks,2
housekeepers,2
medical,2
define,2
disability,2
pc,2
overcome,2
ries,2
practical,2
reviews,2
honesty,2
grossly,2
tie,2
says,2
though,2
possess,2
member,2
wear,2
meaningful,2
default,2
niosh,2
improved,2
automobile,2
adapting,2
calling,2
suppliers,2
imagine,2
assumption,2
printed,2
executives,2
fair,2
society,2
whom,2
newsletters,2
fits,2
consideration,2
external,2
governments,2
kill,2
activities,2
tank,2
bls,2
restrictions,2
bob,2
graphic,2
doctor,2
subsidies,2
consumers,2
complete,2
measurable,2
convince,2
submitting,2
changed,2
digging,2
reminders,2
wealth,2
unfortunately,2
globe,2
tradeoffs,2
exception,2
models,2
increases,2
sections,2
payment,2
raises,2
turns,2
wanted,2
precisely,2
demands,2
diving,2
chosen,2
tuning,2
countless,2
census,2
stopped,2
shelton,2
thoughts,2
gave,2
straight,2
emerge,2
fueling,2
professionals,2
street,2
shoestring,2
geographical,2
subscribers,2
requirement,1
indoctrinated,1
guts,1
traveling,1
persist,1
inflammatory,1
confidentiality,1
spared,1
recognize,1
indicator,1
electrical,1
07,1
filled,1
retailer,1
125,1
graphs,1
column,1
slightly,1
variations,1
800,1
hires,1
surrounded,1
fax,1
ey,1
cable,1
afterwards,1
directors,1
admitting,1
cardboard,1
bench,1
parks,1
debate,1
teamed,1
boost,1
manipulation,1
preneurs,1
laureate,1
unto,1
scaling,1
recommends,1
reacting,1
frankly,1
dilemma,1
documentation,1
rejected,1
harmony,1
bryc,1
legwork,1
production,1
supervision,1
dropped,1
reis,1
landed,1
15,1
transferred,1
flexible,1
generating,1
returns,1
publishing,1
instructors,1
pockets,1
lazy,1
exam,1
constructed,1
proven,1
spin,1
billions,1
blinks,1
classes,1
wondering,1
stern,1
embedded,1
component,1
critical,1
questionable,1
fringe,1
cell,1
tighten,1
toolset,1
restrict,1
motive,1
helpcenter,1
diversify,1
continually,1
scenario,1
formal,1
server,1
san,1
tastes,1
troll,1
separated,1
immortalize,1
scammer,1
terrifying,1
subsequent,1
dire,1
survival,1
customizing,1
deteriorates,1
perfect,1
simulating,1
promise,1
vote,1
tradeoff,1
inch,1
1099,1
colleagues,1
looming,1
essential,1
uncertain,1
healthy,1
depicts,1
desktop,1
fueled,1
radically,1
fiji,1
saddled,1
combinator,1
compensate,1
niches,1
everywhere,1
forgivable,1
correlate,1
originate,1
b2b,1
rise,1
acquirers,1
continued,1
cheapest,1
hell,1
commerce,1
strategies,1
broadcast,1
special,1
beast,1
moneybuilder,1
americans,1
suite,1
objectives,1
incorrectly,1
trademarked,1
originally,1
unproven,1
exclusion,1
pop,1
saves,1
tests,1
correctly,1
magnitude,1
serious,1
monitoring,1
restaurateur,1
replaced,1
unsolved,1
shirt,1
pleasant,1
applied,1
emailing,1
chasing,1
discretionary,1
editing,1
addictive,1
sierra,1
1124,1
conservative,1
cram,1
recommendations,1
preserve,1
defeats,1
dies,1
rendering,1
stars,1
hung,1
dominates,1
repeating,1
perpetuity,1
grew,1
answered,1
manageable,1
directing,1
opposite,1
determined,1
tahiti,1
pirate,1
manufacturers,1
lenses,1
manages,1
directx,1
occurs,1
settings,1
bing,1
counts,1
communicate,1
extensible,1
prod,1
conflicts,1
restate,1
interact,1
opt,1
completed,1
tricks,1
skepticism,1
anecdotes,1
jose,1
arises,1
variety,1
norm,1
population,1
landscape,1
opening,1
contradicts,1
newspaper,1
notifies,1
h1,1
dries,1
summit,1
burning,1
landscapers,1
newly,1
cave,1
surfaces,1
preserved,1
exceptions,1
dealt,1
diligent,1
pleasure,1
marriage,1
28,1
years3,1
calendar,1
welcome,1
landscaper,1
commodity,1
riskier,1
react,1
benefits12,1
oh,1
exercise,1
seasick,1
lessons,1
undeliverable,1
tenacity,1
concert,1
award,1
eight,1
collection,1
discuss,1
man,1
lock,1
technique,1
weekly,1
codes,1
booths,1
brochure,1
characters,1
thanks,1
houses,1
apple,1
none,1
hot,1
marketable,1
quoted,1
bundle,1
attend,1
textual,1
replying,1
hardest,1
accompany,1
presenting,1
85,1
prospecting,1
congratulated,1
thriving,1
cast,1
burdens,1
fashioned,1
visualization,1
expert,1
newsletter,1
outliers,1
realizing,1
diligence,1
nobel,1
pursuit,1
guarantees,1
painting,1
dictates,1
fostering,1
converted,1
sponsor,1
junk,1
coding,1
difficulty,1
gas,1
0,1
mature,1
godaddy,1
obtained,1
stone,1
overlooked,1
vague,1
spell,1
registered,1
overwhelmingly,1
officials,1
tapping,1
colors,1
h2,1
contingency,1
storefronts,1
listing,1
suggestions,1
skyscraper,1
inclined,1
salesforce,1
driven,1
produces,1
kiss,1
energetic,1
turned,1
ignored,1
shaped,1
aggregate,1
ranged,1
47,1
immersive,1
durable,1
filed,1
welcomes,1
readership,1
distribute,1
provides,1
boilerplate,1
preparation,1
doubting,1
lawn,1
relationships,1
sued,1
desist,1
powerful,1
optimistic,1
lecture,1
chief,1
terminology,1
signup,1
presumption,1
strict,1
desire,1
receipt,1
startlingly,1
please,1
cursory,1
phrases,1
words,1
elance,1
sticker,1
motivate,1
possesses,1
seven,1
suit,1
awake,1
refilled,1
architectural,1
upgrade,1
four,1
critique,1
trades,1
consultations,1
handing,1
selected,1
venue,1
kahneman,1
particularly,1
reader,1
imagined,1
hopes,1
zealand,1
violate,1
demographics,1
refills,1
reviewing,1
viewers,1
boring,1
nor,1
rush,1
horribly,1
runaway,1
touted,1
popularity,1
stumble,1
entering,1
trips,1
harsh,1
fla,1
officer,1
span,1
afoul,1
chime,1
boston,1
proof,1
insulating,1
breathe,1
accomplishment,1
obscured,1
optional,1
foolproof,1
legally,1
outreach,1
genius,1
deborah,1
institution,1
texas,1
disposable,1
loyal,1
door,1
permitted,1
devoted,1
43,1
paths,1
attempt,1
educational,1
attracts,1
approved,1
attracting,1
cycles,1
suspicious,1
existed,1
threw,1
teachers,1
401,1
pesky,1
delay,1
utility,1
normal,1
topics,1
dartmouth,1
represents,1
indignities,1
highlight,1
fraudulent,1
younger,1
contributing,1
surprising,1
fares,1
programmer,1
device,1
merely,1
unrelated,1
backwards,1
determination,1
powerless,1
frame,1
protecting,1
unexpected,1
machine,1
relative,1
affiliated,1
opengl,1
smallest,1
html,1
plays,1
foreclosed,1
religious,1
promote,1
18,1
angry,1
exists,1
squatters,1
geographic,1
journalism,1
oftentimes,1
overspend,1
discontinue,1
beach,1
massachusetts,1
skillset,1
questioning,1
similarly,1
70,1
race,1
maximizes,1
lives,1
attack,1
quantity,1
consume,1
patterns,1
unused,1
k,1
mile,1
fullest,1
figured,1
cat,1
electricians,1
reporting,1
disposing,1
realities,1
dry,1
bare,1
doubt,1
alt,1
draft,1
himself,1
starving,1
cults,1
talks,1
diminish,1
tries,1
heading,1
drained,1
realized,1
issuing,1
load,1
distinction,1
2009,1
thrust,1
banking,1
super,1
laying,1
stagnant,1
optimal,1
outperforms,1
contacted,1
technically,1
saturate,1
harass,1
farming,1
archive,1
achievement,1
six,1
inquiries,1
avoided,1
guaranteed,1
proficient,1
distributed,1
sneak,1
lines,1
pinterest,1
alternate,1
17,1
chances,1
outrageous,1
laminar,1
uncomfortable,1
crafted,1
filtered,1
processed,1
disappearance,1
mouths,1
struggling,1
restaurants,1
conjure,1
volume,1
engineered,1
purchases,1
designs,1
undertaking,1
implicitly,1
anticipate,1
capabilities,1
copywriting,1
naval,1
phrase,1
signature,1
tweeted,1
analyzing,1
concerns,1
types,1
measured,1
upset,1
handedly,1
proprietorship,1
apa,1
liked,1
frustrating,1
nicer,1
ethic,1
psychological,1
happily,1
arcane,1
europe,1
scenarios,1
dress,1
minority,1
warm,1
evaluates,1
factoring,1
embarking,1
drafted,1
managers,1
sudden,1
clock,1
failing,1
hopeful,1
depleting,1
differently,1
whirlwind,1
water,1
2006,1
abandon,1
sees,1
expects,1
insider11,1
playing,1
hacking,1
distraction,1
repelling,1
victim,1
digest,1
originated,1
denial,1
timothy,1
backed,1
ragged,1
fuel,1
inaction,1
associations,1
natural,1
specialized,1
pivoting,1
cheating,1
poll8,1
entity,1
straightforward,1
organically,1
signs,1
quits,1
regulations,1
applies,1
theft,1
similarity,1
promptly,1
silver,1
beginners,1
referral,1
scam,1
mails,1
employing,1
graphics,1
proprietor,1
watching,1
placing,1
exclude,1
1000,1
brainwashing,1
instill,1
shift,1
logs,1
chores,1
surprises,1
securing,1
periodically,1
divorced,1
accepting,1
curiosity,1
buys,1
automation,1
routine,1
personalization,1
e,1
billed,1
cycle,1
admit,1
submit,1
forever,1
promoting,1
glass,1
dictate,1
late,1
catching,1
scientific,1
revisiting,1
pizza,1
emulate,1
expand,1
derivative,1
september,1
gloat,1
passive,1
unbounded,1
crowd,1
finances,1
bridge,1
connecting,1
practice,1
stable,1
05,1
de,1
lacked,1
informal,1
css,1
68,1
60,1
republic,1
caf,1
scope,1
varies,1
multiplied,1
gathered,1
upholding,1
h,1
personas,1
104,1
max,1
insurmountably,1
png,1
telescope,1
venues,1
sponsoring,1
dykstra,1
matches,1
slim,1
strings,1
painful,1
assed,1
subset,1
congratulations,1
jargon,1
w3tc,1
selecting,1
years2,1
provisional,1
uniloc,1
calculating,1
inadequate,1
lined,1
separation,1
19,1
subside,1
print,1
dreaming,1
cdc,1
canada,1
deeply,1
plentiful,1
climate,1
faa,1
facts,1
catches,1
achieves,1
trek,1
partnering,1
whatsapp,1
proud,1
revisited,1
proofread,1
editorial,1
eyes,1
webpage,1
caching,1
indicative,1
restriction,1
progressed,1
injury,1
chapter,1
shops,1
crafts,1
crises,1
stolen,1
brainstorming,1
ducks,1
penalize,1
reasonably,1
fulfill,1
appointment,1
reacts,1
cloud,1
enlist,1
hurting,1
maritime,1
engagement,1
convinced,1
aspx,1
culture,1
thrived,1
assistants,1
alter,1
examine,1
nasa,1
focuses,1
unsubscribing,1
pro,1
tropics,1
suburbs,1
fudge,1
neomek,1
identity,1
history,1
journalists,1
hosted,1
complement,1
cup,1
wardrobe,1
passage,1
talented,1
artists,1
enforceable,1
binging,1
distasteful,1
listening,1
firm,1
specialty,1
acted,1
mailings,1
conservatively,1
regret,1
luxuries,1
workweek,1
internal,1
belt,1
multiply,1
arriving,1
excitement,1
unity,1
amazingly,1
discussion,1
ineffective,1
tough,1
nearly,1
dhhs,1
beliefs,1
lowered,1
frustrations,1
replacing,1
dodgy,1
supporting,1
solo,1
93,1
revolve,1
status,1
lease,1
foreseeable,1
finalized,1
disable,1
unsubscribe,1
testified,1
presumably,1
vampire,1
latest,1
wonder,1
flows,1
edits,1
youth,1
wondered,1
teammates,1
austin,1
conducted,1
association,1
salon,1
novel,1
robust,1
caffeine,1
notion,1
tenure,1
moderately,1
wasteful,1
fein,1
retention,1
grab,1
requesting,1
spot,1
deviation,1
weeks,1
laid,1
marketer,1
assess,1
transactions,1
vr,1
accompanies,1
conference,1
contain,1
tweeting,1
framed,1
unsure,1
advocates,1
assumes,1
menial,1
respect,1
tuition,1
violated,1
alerts,1
escort,1
approval,1
symmetrically,1
host,1
virtuous,1
businessinsider,1
absolutely,1
batch,1
bought,1
burned,1
joke,1
slowly,1
secure,1
minded,1
faceless,1
reliever,1
habits,1
dots,1
retail,1
deliverables,1
achievable,1
spotted,1
notebooks,1
learnings,1
bugs,1
frees,1
movie,1
outs,1
composed,1
invisible,1
employ,1
metaphorical,1
millionaire,1
overall,1
forum,1
advancement,1
ending,1
gambling,1
sorting,1
twice,1
meticulous,1
unfinished,1
needing,1
endorsement,1
82,1
announced,1
highlighted,1
offices,1
salesman,1
delegated,1
incentives,1
file,1
catchy,1
worries,1
journey,1
ultimatum,1
deciding,1
moleskine,1
agenda,1
friendly,1
answers,1
hurt,1
unsold,1
parties,1
outsourced,1
prevented,1
subscribe,1
educate,1
shrinking,1
completing,1
publicizing,1
tolerance,1
concretely,1
guard,1
introductory,1
armies,1
gamed,1
smashing,1
studios,1
national,1
relaxing,1
cushion,1
imported,1
window,1
cease,1
notable,1
entrepreneur,1
subsidized,1
scare,1
instinct,1
block,1
blame,1
formed,1
refund,1
friendlier,1
regarding,1
limits,1
iterate,1
dealership,1
date,1
unproductive,1
lakes,1
audience,1
ratings,1
washington,1
graduated,1
tiny,1
switch,1
opens,1
environmental,1
brand,1
variance,1
suspect,1
treated,1
artist,1
badly,1
homework,1
improves,1
detection,1
astronomers,1
dada,1
feet,1
bold,1
specialist,1
obamacare,1
y,1
dentists,1
deductibles,1
recommendation,1
consulting,1
returning,1
distract,1
helpful,1
rays,1
substantial,1
confidence,1
combat,1
accelerator,1
generation,1
continuing,1
reply,1
liking,1
deserves,1
fold,1
encouragement,1
20081,1
companions,1
traction,1
treatment,1
identification,1
cares,1
reinforce,1
fraudsters,1
mailbox,1
divorce,1
hits,1
harper,1
timeframe,1
depression,1
magic,1
creep,1
cult,1
expanding,1
checkups,1
360,1
realism,1
symmetrical,1
square,1
onto,1
personalized,1
repeatedly,1
ethical,1
breakfast,1
fell,1
smarter,1
do7,1
gestating,1
furniture,1
bits,1
tall,1
solicit,1
evolving,1
transitions,1
interviewing,1
obligation,1
defend,1
reaction,1
hall,1
designers,1
intended,1
excellent,1
adopt,1
increasing,1
happiness,1
aggregated,1
offsets,1
legs,1
techcrunch,1
plunge,1
angel,1
shying,1
bankrupt,1
passed,1
portable,1
passionate,1
serving,1
helped,1
recommending,1
damage,1
artificially,1
fruits,1
dream,1
ageist,1
drove,1
packaging,1
recharge,1
lobbying,1
road,1
nuance,1
requiring,1
gross,1
smarts,1
u,1
beachside,1
150,1
cropping,1
heavily,1
nearby,1
nine,1
broke,1
assuming,1
sunk,1
tap,1
abandoned,1
discovers,1
shelf,1
broken,1
tag,1
arranging,1
congress,1
ruined,1
delivery,1
scared,1
dug,1
vietnam,1
reserve,1
succeed,1
promotes,1
outlook,1
violates,1
linear,1
alexa,1
pair,1
proceeding,1
vent,1
playbook,1
closely,1
attractive,1
doubling,1
commensurate,1
materially,1
cooperation,1
hospital,1
occasionally,1
500,1
entrepreneurial,1
bleed,1
maintainable,1
willingness,1
bears,1
capitalist,1
achieving,1
misunderstandings,1
preferred,1
respondents,1
oversight,1
delivers,1
angie,1
intelligence,1
availability,1
department,1
unprepared,1
fortunate,1
refined,1
continuity,1
iag,1
respected,1
voice,1
male,1
personnel,1
overly,1
surprise,1
mined,1
survey,1
subsidizes,1
brutal,1
claim,1
basing,1
organizations,1
tuck,1
convey,1
mindful,1
pessimistic,1
rewarding,1
screw,1
child,1
sexist,1
reflects,1
electronics,1
observation,1
driver,1
force,1
seasonal,1
org,1
representing,1
promoted,1
god,1
centered,1
vigilant,1
methodology,1
degrees,1
handful,1
reveal,1
builder,1
hallway,1
disposal,1
pursue,1
binding,1
chump,1
approaches,1
fool,1
ctr,1
acknowledge,1
sba,1
rated,1
centers,1
marketplaces,1
equally,1
germany,1
delivered,1
contingencies,1
asks,1
random,1
intimately,1
lifetime,1
happening,1
trading,1
express,1
understood,1
dump,1
stamp,1
yoast,1
mindset,1
tim,1
affordable,1
212,1
interacting,1
nurturing,1
replacement,1
dangle,1
decades,1
reminds,1
fondly,1
fault,1
reclaiming,1
releasing,1
splash,1
tender,1
summary,1
screens,1
pushing,1
agreed,1
critically,1
iduskbn0e721m20140527,1
complaint,1
architecture,1
compressed,1
reporters,1
lining,1
floor,1
entries,1
awards,1
kick,1
members,1
rule,1
sustained,1
applicants,1
errors,1
reminding,1
immediate,1
lends,1
relocation,1
locale,1
explored,1
static,1
blurb,1
drops,1
president,1
tolls,1
manufactured,1
born,1
abbreviation,1
newest,1
publicize,1
docs,1
secondary,1
warning,1
arbitrary,1
hopelessness,1
fairs,1
worded,1
validation,1
uncommon,1
quote,1
caters,1
gender,1
custom,1
directories,1
rebel,1
barber,1
generous,1
intention,1
investments,1
adapted,1
fkane,1
category,1
communicated,1
mentality,1
hitting,1
recharging,1
advantages,1
flyers,1
overseas,1
splitting,1
w3,1
billboard,1
crawls,1
enjoys,1
discarding,1
motor,1
gallup,1
vacations,1
finished,1
aviation,1
comparing,1
concisely,1
j,1
role,1
immersed,1
volumetric,1
volunteered,1
impacts,1
attaining,1
remarkably,1
scouring,1
budgeting,1
shocked,1
absorbed,1
acqui,1
dad,1
pricing,1
notoriously,1
describes,1
released,1
stylistic,1
regards,1
differentiate,1
delete,1
valued,1
negotiating,1
subsidiary,1
pursuing,1
mitigate,1
prudent,1
consistent,1
spinning,1
mainstay,1
browse,1
ramp,1
commuted,1
accomplishments,1
spins,1
checked,1
brainstorm,1
substantiation,1
brookings,1
astute,1
remains,1
mom,1
knowing,1
outdated,1
noticed,1
desired,1
w9,1
scheme,1
aversion,1
extorting,1
competes,1
braces,1
appreciates,1
helpareporter,1
russia,1
incurring,1
domestic,1
paralegal,1
vehicle,1
49,1
sticking,1
grumpy,1
lasts,1
segue,1
challenges,1
ulterior,1
pitfall,1
bonds,1
awesome,1
household,1
weigh,1
conversational,1
blocking,1
heart,1
hassle,1
york,1
fully,1
familiarizing,1
frequency,1
spam13,1
children,1
average6,1
entertainment,1
inform,1
participating,1
b,1
refines,1
retweeting,1
hired,1
freeing,1
feeling,1
deep,1
unidirectional,1
furthermore,1
billionaire,1
succinct,1
builds,1
extrapolate,1
tricky,1
complimentary,1
published,1
notorious,1
inbox,1
freed,1
65,1
justify,1
proverbial,1
spec,1
juices,1
gaining,1
opinion,1
conversations,1
swat,1
312,1
batched,1
penalties,1
bars,1
mantra,1
mentions,1
philippines,1
control10,1
advise,1
bridges,1
appeasing,1
libraries,1
indicates,1
dimensions,1
returned,1
zoho,1
unsolicited,1
believing,1
hearing,1
crown,1
begin,1
pirates,1
worlds,1
asleep,1
fearing,1
inbound,1
identified,1
owns,1
graciously,1
contents,1
ratio,1
draining,1
complaints,1
shutdown,1
versus,1
collected,1
tune,1
corner,1
sink,1
older,1
withhold,1
cleaners,1
criticism,1
attach,1
continuously,1
continuous,1
owes,1
enjoyable,1
presentation,1
collateral,1
expansion,1
overstated,1
aws,1
r,1
waited,1
regularly,1
star,1
vs,1
12,1
roof,1
tenet,1
preserving,1
merchandise,1
medication,1
gauge,1
placed,1
manning,1
memorabilia,1
quantify,1
betting,1
burst,1
shortage,1
weather,1
foreigners,1
consumed,1
delivering,1
artisans,1
opened,1
aid,1
goodbye,1
complicate,1
incurred,1
payroll,1
repairs,1
certificate,1
cornerstone,1
clever,1
requirments,1
disproportionate,1
fatigued,1
disease,1
asia,1
fixing,1
risking,1
rumsey,1
13,1
weekends,1
esthetically,1
municipality,1
east,1
14,1
committed,1
shock,1
disrupted,1
memorable,1
receipts,1
wireframes,1
contained,1
independence,1
downsized,1
romance,1
tactful,1
silly,1
tone,1
proofreading,1
congratulate,1
compromises,1
psyche,1
prioritize,1
conform,1
deadlines,1
dashes,1
advanced,1
fortune,1
advance,1
cheaply,1
tgeonetta,1
barely,1
desirable,1
unimaginably,1
plenty,1
deviate,1
outdoor,1
unemployed,1
concrete,1
entrust,1
lap,1
explicitly,1
ons,1
forcing,1
improvements,1
tricking,1
miles,1
hobbies,1
environment,1
exercises,1
drawn,1
paranoia,1
imperative,1
linked,1
adaptive,1
trip,1
unavailable,1
occupation,1
usa,1
hats,1
happier,1
hinges,1
parking,1
area5,1
jeopardy,1
alibaba,1
abstract,1
adsenseformobileapps,1
ridiculous,1
gates,1
inc,1
shots,1
recurring,1
credits,1
xxxx,1
afterward,1
added,1
workaholic,1
distractions,1
admittedly,1
wonderful,1
beer,1
brought,1
permanent,1
impressive,1
paragraphs,1
appealing,1
performed,1
noodles,1
withdraw,1
visiting,1
transfer,1
interviewed,1
overlook,1
burdened,1
grades,1
depleted,1
supply,1
flipside,1
corp,1
native,1
panic,1
relied,1
kits,1
prototyped,1
extort,1
row,1
founded,1
pitch,1
seeing,1
oriented,1
lays,1
spammy,1
asked,1
undefined,1
severance,1
assembly,1
manufacturer,1
judging,1
hold,1
quiet,1
inviting,1
nudges,1
proceeds,1
membership,1
alleged,1
distance,1
sketches,1
legitimate,1
maker,1
susceptible,1
ramen,1
rationally,1
patenting,1
hyphenation,1
bots,1
equivalent,1
stunning,1
specify,1
substantially,1
joining,1
committing,1
multiple,1
myth,1
roofing,1
postcards,1
subscriptions,1
upbeat,1
snippets,1
advertorial,1
calculations,1
rewarded,1
convenient,1
tends,1
stresses,1
openforum,1
coordinate,1
yahoo,1
reaches,1
conflict,1
garage,1
coached,1
unceremoniously,1
air,1
intangible,1
affected,1
tens,1
mainly,1
innovation,1
retire,1
dead,1
scares,1
metropolitan,1
law,1
wallets,1
via,1
secret,1
telephone,1
overwhelmed,1
constrained,1
lowest,1
pull,1
losses,1
constructive,1
seriously,1
audiences,1
behaved,1
arcade,1
handed,1
qualified,1
walked,1
beautiful,1
killed,1
dividends,1
rough,1
thousand,1
authorize,1
december,1
speed,1
loaded,1
frequently,1
strike,1
foam,1
derail,1
sanity,1
translates,1
bizarre,1
environments,1
steers,1
newsworthy,1
authoritative,1
headache,1
daniel,1
